appId,shared_data_entries,mean_generation_latency_us
com.facebook.orca,5,6.0959
com.enflick.android.TextNow,13,14.471
com.discord,1,1.7141
com.microsoft.emmx,3,3.8778
com.google.android.apps.googlevoice,1,1.7436
com.yahoo.mobile.client.android.mail,3,4.1362
com.callapp.contacts,1,1.8551
com.groupme.android,6,7.0214
com.mail.inbox.allemailaccess,8,9.2174
com.opera.browser,1,1.8612
net.idt.um.android.bossrevapp,11,12.1109
com.psiphon3.subscription,2,2.866
com.imo.android.imous,1,1.9056
call.blacklist.blocker,4,4.8857
com.truecaller,1,1.8455
com.dish.wireless.boostone,9,10.0819
com.securus.videoclient,5,6.0521
com.talkatone.android,5,5.9103
app.source.getcontact,4,4.9046
com.opera.gx,3,5.0214
com.adhoclabs.burner,4,4.8556
com.opera.mini.native,1,1.7157
com.viber.voip,8,9.0271
com.snowcorp.stickerly.android,4,5.1614
com.tracfone.tracfone.myaccount,5,6.0616
com.schedule.telmate.telmatescheduleandroid,9,10.3178
jp.naver.line.android,1,1.8615
kik.android,4,4.9106
com.recommended.videocall,2,2.8782
me.number.app.im,1,1.7225
me.talkyou.app.im,1,1.7079
com.innocaption.vpdp,1,1.8527
com.translate.chattranslator.keyboard.android2022,1,1.9909
phase.zero.sms.messages.text,8,9.0884
com.messenger.texting,7,8.0938
com.matchtech.cafe,1,1.7253
im.thebot.messenger,3,3.8483
com.kiwibrowser.browser,4,4.9409
com.juphoon.justalk,3,3.9906
com.loudtalks,3,3.9684
me.nextplus.smsfreetext.phonecalls,7,8.2308
com.visiblemobile.flagship,1,1.7238
com.shado.omreenoapp,7,8.1332
com.ertunga.wifihotspot,4,4.8635
com.enflick.android.tn2ndLine,14,15.2744
org.adblockplus.browser,4,4.988
com.isharing.isharing,7,8.7473
com.avast.android.vpn,8,9.3819
com.tracfone.total.myaccount,5,5.9838
com.textmeinc.textme3,5,6.0598
com.sms.messenger,5,6.0999
info.myapp.allemailaccess,5,5.8709
com.justalk.kids.android,2,2.8408
com.gangverk.sling,1,1.7482
org.whiteglow.antinuisance,1,1.7566
com.kakao.talk,8,9.7623
com.verizon.messaging.vzmsgs,4,4.8763
sms.mms.messages.text.free,9,10.2958
org.vidogram.messenger,1,1.7001
com.messages.chat,4,4.8614
com.appsverse.phoner,1,1.7901
com.diavostar.email,8,9.3198
com.transsion.phoenix,5,5.9429
com.azarlive.android,10,11.5955
com.yollacalls,2,2.7379
bid.shiz.rubikagram,13,14.3429
com.app.restoredeletedmessages.savestatus.messagerecovery,5,5.9009
sms.app.messages.app.message.box.message.me,3,3.9346
the.best.gram,1,1.7681
com.leolegaltechapps.messenger,3,3.924
com.snugapps.messaging.text.sms,7,8.1272
pi.browser,1,1.8509
com.quickemail.quicklogin.emailonline,8,9.058
com.ayoba.ayoba,7,8.2345
co.fobomi.org,10,11.1458
com.opera.mini.native.beta,1,1.8991
com.contapps.android,4,4.9529
com.truconnect.my,6,7.0049
best.recover.deleted.messages,4,4.8942
com.rebtel.android,10,11.4129
messenger.messenger.os,8,9.33
com.animatedstickers.maker,2,2.8688
com.safelinkwireless.app,5,5.9059
com.memeandsticker.personal,7,8.1477
com.kodrak.aidreamgirls,1,1.9082
com.att.mobile.android.vvm,5,5.9045
com.eet.email.launcher,5,6.4057
com.appsborn.whatsdelete.recover.deleted.messages.rdm,4,4.9569
com.softinit.iquitos.mainapp,4,5.0944
com.dish.mydish,9,10.2843
com.appvillis.esim,7,8.3959
com.ezetop.world,5,5.9278
com.messaging.textrasms.manager,7,8.0737
com.tempmail,7,8.4605
com.eyecon.global,1,1.7619
com.webascender.callerid,6,6.8635
com.dish.wireless.boostinfinite,10,11.6849
com.vzw.gizmopal,2,2.8357
com.simplemobiletools.smsmessenger,4,4.8411
ir.ilmili.telegraph,1,1.9632
