app,profile,third_parties_detected,dss_shared_records,tp_allowed_by_user,consents_generated,correct_decisions,false_allows,false_denies,gap_note
com.avast.android.vpn,allow_all,3,8,3,24,24,0,0,
com.avast.android.vpn,deny_all,3,8,0,0,24,0,0,
com.avast.android.vpn,mixed,3,8,2,16,24,0,0,
com.azarlive.android,allow_all,3,10,3,30,30,0,0,
com.azarlive.android,deny_all,3,10,0,0,30,0,0,
com.azarlive.android,mixed,3,10,2,20,30,0,0,
com.discord,allow_all,3,1,3,3,3,0,0,
com.discord,deny_all,3,1,0,0,3,0,0,
com.discord,mixed,3,1,2,2,3,0,0,
com.facebook.orca,allow_all,3,5,3,15,15,0,0,
com.facebook.orca,deny_all,3,5,0,0,15,0,0,
com.facebook.orca,mixed,3,5,2,10,15,0,0,
com.google.android.apps.messaging,allow_all,1,0,1,0,0,0,0,declares NO shared data but 1 SDKs detected
com.google.android.apps.messaging,deny_all,1,0,0,0,0,0,0,declares NO shared data but 1 SDKs detected
com.google.android.apps.messaging,mixed,1,0,0,0,0,0,0,declares NO shared data but 1 SDKs detected
com.kakao.talk,allow_all,3,8,3,24,24,0,0,
com.kakao.talk,deny_all,3,8,0,0,24,0,0,
com.kakao.talk,mixed,3,8,2,16,24,0,0,
com.snapchat.android,allow_all,3,0,3,0,0,0,0,declares NO shared data but 3 SDKs detected
com.snapchat.android,deny_all,3,0,0,0,0,0,0,declares NO shared data but 3 SDKs detected
com.snapchat.android,mixed,3,0,2,0,0,0,0,declares NO shared data but 3 SDKs detected
com.viber.voip,allow_all,22,8,22,176,176,0,0,
com.viber.voip,deny_all,22,8,0,0,176,0,0,
com.viber.voip,mixed,22,8,11,88,176,0,0,
