app,domain
com.azarlive.android,api.azarlive.com
com.azarlive.android,crashlyticsreports-pa.googleapis.com
com.azarlive.android,event-gateway.platform-uw1.hpcnt.com
com.azarlive.android,firebaseinappmessaging.googleapis.com
com.azarlive.android,firebaseremoteconfig.googleapis.com
com.azarlive.android,s3.amazonaws.com
com.azarlive.android,trevianalytics.com
com.discord,discord.com
com.discord,firebaselogging.googleapis.com
com.discord,gateway.discord.gg
com.discord,o64374.ingest.sentry.io
com.discord,qbrere.launches.appsflyersdk.com
com.facebook.orca,portal.fb.com
com.google.android.apps.messaging,geller-pa.googleapis.com
com.google.android.apps.messaging,ondevicesafety-pa.googleapis.com
com.google.android.apps.messaging,www.gstatic.com
com.kakao.talk,aem-kakao-collector.onkakao.net
com.kakao.talk,katalk.kakao.com
com.snapchat.android,app-analytics-v2.snapchat.com
com.snapchat.android,aws-proxy-gcp.api.snapchat.com
com.snapchat.android,aws.api.snapchat.com
com.snapchat.android,aws.duplex.snapchat.com
com.snapchat.android,cf-st.sc-cdn.net
com.snapchat.android,gcp.api.snapchat.com
com.snapchat.android,us-central1-gcp.api.snapchat.com
com.snapchat.android,us-east1-aws.api.snapchat.com
com.snapchat.android,usc1-gcp-v62.api.snapchat.com
com.viber.voip,abff.viber.com
com.viber.voip,abtest.api.viber.com
com.viber.voip,acr.amplreq.com
com.viber.voip,api.snapkit.com
com.viber.voip,secure.viber.com
com.whatsapp,api.whatsapp.net
com.whatsapp,c.whatsapp.net
com.whatsapp,g.whatsapp.net
com.whatsapp,time.android.com
org.telegram.messenger,firebaselogging.googleapis.com
